<manifest alg="2" build="2017.0.2.363" opt="false" iceEnabled="true" iceMarkupVersion="2" iceEnabledOptions="link,responsive,cachebuster,textStyling" exportTarget="other" domain="baluberdin.ru" resolutions="1x" timestamp="1535301421539">
  <folder name="css">
    <file name="site_global.css" crc="443350757"/>
    <file name="index.css" crc="3840410050" ref="index"/>
    <file name="baluberdin_rueng.css" crc="4225996520" ref="baluberdin.rueng"/>
  </folder>
  <folder name="scripts">
    <file name="jquery-1.8.3.min.js" crc="209076791" ref="index:baluberdin.rueng"/>
    <file name="museutils.js" crc="4232573551" ref="index:baluberdin.rueng"/>
    <file name="whatinput.js" crc="86476730" ref="index:baluberdin.rueng"/>
    <file name="museconfig.js" crc="3849126041" ref="index:baluberdin.rueng"/>
    <file name="jquery.watch.js" crc="3844535323" ref="index:baluberdin.rueng"/>
    <file name="require.js" crc="4234670167" ref="index:baluberdin.rueng"/>
  </folder>
  <file name="index.html" crc="3815897842" seo="true" mt="1535301414014" redirect="true"/>
  <file name="baluberdin.rueng.html" crc="4032777170" seo="true" mt="1535301414015" redirect="true"/>
</manifest>